id,first_name,last_name,specialty,address,email
d08505cb-6ee2-40af-b3bc-9dd31aa12d62,Hugues,Delaunay,Généraliste,"652, rue Lucy Gillet
57761 Delahaye-les-Bains",lucyrousset@example.org
2959cb1d-5dbe-4b6d-98a0-b0af74404a20,Marine,Marion,Généraliste,"388, rue Agathe Letellier
53987 Leclercq-sur-Guérin",adelegauthier@example.net
5ea7d031-b69d-4519-ab83-2806cc1637bc,Michelle,Rodrigues,Dermatologue,"80, avenue de Mercier
52602 Vallet",buissonamelie@example.net
7f0d6c27-8a72-4c4d-987f-e1b378e57c7e,Adrienne,Descamps,Cardiologue,"1, boulevard Michel
29248 Collet-les-Bains",lucas97@example.org
870d3e6b-5e2d-4a85-af64-c376a8a54a8a,Emmanuelle,Lejeune,Cardiologue,"870, avenue Lebrun
51826 De Sousa-sur-Monnier",yallard@example.org
5fe63351-07ca-4311-8090-e307fdf83f8e,Luce,Bonnin,Cardiologue,"64, avenue Michelle Pons
08649 Cohen",hmuller@example.net
b1651118-f1be-4a17-b793-818cf07ea37d,Bernadette,Payet,Généraliste,"61, rue Auguste Morel
32521 Pruvost",josephlemaitre@example.net
eb3696b0-3348-4e63-bce4-f1f8bf9450e1,Frédérique,Deschamps,Pédiatre,"849, avenue de Loiseau
71417 Sainte Vincent-sur-Mer",mdupuy@example.com
11260f0f-ed35-4710-b514-3676a271520e,Honoré,Lemoine,Généraliste,"289, rue de Cousin
27734 Rousset",chantalcosta@example.com
e6144664-1b8a-4907-90e9-747ecfc05eff,Inès,Couturier,Pédiatre,"86, avenue de Salmon
04863 Chevalier-sur-Colin",ylegendre@example.net
b62b40a7-35dd-4d4a-a15b-c95023e94518,Christelle,Neveu,ORL,"6, rue Rocher
82598 Labbé",therve@example.net
188c776b-6a6d-41eb-91ee-4ce6225d0f41,Honoré,Perrot,Généraliste,"rue Perrier
09293 Thierryboeuf",dvasseur@example.org
a3279fea-1291-4ecf-8916-2905e1f7d25d,Sébastien,Meunier,Généraliste,"889, rue de Weber
04441 Maurice",lopeshenri@example.net
a7b6f7b4-ad90-42d1-8d12-f54b2963e32f,Jacqueline,Pons,Généraliste,"96, chemin de Normand
91603 Durand-les-Bains",lemoinejosephine@example.net
2e862bd6-9782-4eef-9d17-5a8df1bb63f9,Vincent,Chevalier,Cardiologue,"80, rue de Duhamel
34201 LeconteBourg",reneelopez@example.net
63f6d841-922f-4e16-bd0d-b2c8cfb58400,Adrien,Dupuy,Cardiologue,"boulevard Margot Dias
97162 Raymond-sur-Buisson",ochretien@example.org
83ed532b-a477-4ae0-81b5-9dee86912b0d,Corinne,Aubert,Pédiatre,"chemin Julie Allain
56409 Bodin-la-Forêt",barthelemycelina@example.net
cce957ed-6482-4b99-81c8-97d56fb40f23,Maggie,Potier,Pédiatre,"rue Hernandez
01105 Sainte Antoinettedan",pereiravirginie@example.com
150ccc89-7a38-431b-ba33-0d0fdf0f11d0,François,Petit,Généraliste,"4, boulevard Monnier
81339 Masse",penelopelagarde@example.net
b05b386a-58b4-4c7d-abb1-cdb8f28c50dc,Margot,Chauvet,Pédiatre,"28, rue Colas
18560 Saint Martin",qmarchal@example.com
